Rank,Article,Word,Translation,Czech,Part of Speech
1,,de,of,z,preposition
2,,que,that,že,conjunction
3,,no,no,ne,adverb
4,,a,to,k,preposition
5,,y,and,a,conjunction
6,,ser,to be,být (trvale),verb
7,,en,in,v,preposition
8,,por,for,za,preposition
9,,qué,what,co,pronoun
10,,con,with,s,preposition
11,,para,for,pro,preposition
12,,estar,to be,být (dočasně),verb
13,,mi,my,můj,adjective
14,,pero,but,ale,conjunction
15,,sí,yes,ano,adverb
16,,si,if,jestli,conjunction
17,,bien,well,dobře,adverb
18,,ese,that,ten,pronoun
19,,su,his/her,jeho/její,adjective
20,,yo,I,já,pronoun
21,,como,like,jako,conjunction
22,,aquí,here,tady,adverb
23,,tu,your,tvůj,adjective
24,,más,more,více,adverb
25,,este,this,tento,pronoun
26,,todo,all,vše,adjective
27,,ya,already,už,adverb
28,,ahora,now,teď,adverb
29,,muy,very,velmi,adverb
30,,haber,to have,mít,verb
31,,así,like that,takto,adverb
32,,ir,to go,jít,verb
33,,algo,something,něco,pronoun
34,,bueno,good,dobrý,adjective
35,,tener,to have,mít,verb
36,,él,he,on,pronoun
37,,cuando,when,když,conjunction
38,,saber,to know,vědět,verb
39,,tú,you (informal),ty,pronoun
40,,nos,us,nás,pronoun
41,,nada,nothing,nic,pronoun
42,,cómo,how,jak,adverb
43,,o,or,nebo,conjunction
44,,poder,to be able,moci,verb
45,,ella,she,ona,pronoun
46,,querer,to want,chtít,verb
47,,hacer,to do,dělat,verb
48,la,gracia,thanks,díky,noun
49,la,vez,time,krát,noun
50,,solo,only,jen,adjective
51,,porque,because,protože,conjunction
52,,creer,to believe,věřit,verb
53,,usted,you (formal),vy,pronoun
54,,entonces,then,pak,adverb
55,,hola,hello,ahoj,interjection
56,la,verdad,true,pravda,noun
57,la,casa,home,dům,noun
58,,tan,so,tak,adverb
59,,quién,who,kdo,pronoun
60,el,tiempo,time,čas,noun
61,,dos,two,dva,number
62,,nunca,never,nikdy,adverb
63,,dónde,where,kde,adverb
64,el,favor,please,laskavost,noun
65,,mucho,a lot,hodně,adjective
66,,mí,me,mě,pronoun
67,,sentir,to feel,cítit,verb
68,el,señor,mister,pan,noun
69,,mejor,better,lepší,adjective
70,,decir,to say,říct,verb
71,,también,also,také,adverb
72,,sobre,about,o,preposition
73,el,dios,god,bůh,noun
74,,sin,without,bez,preposition
75,,ver,to see,vidět,verb
76,el,hombre,man,muž,noun
77,la,vida,life,život,noun
78,,alguien,someone,někdo,pronoun
79,la,cosa,thing,věc,noun
80,,siempre,always,vždy,adverb
81,,hasta,until,do,preposition
82,,ahí,there,tam,adverb
83,el,año,year,rok,noun
84,,antes,before,dříve,adverb
85,,ni,neither,ani,conjunction
86,,poco,a little,trochu,adjective
87,el,día,day,den,noun
88,,uno,one,jeden,article
89,la,noche,night,noc,noun
90,,otro,another,jiný,adjective
91,el,acuerdo,agreement,dohoda,noun
92,el,trabajo,work,práce,noun
93,,nosotros,we,my,pronoun
94,,parecer,to seem,zdát se,verb
95,la,gente,people,lidé,noun
96,el,padre,father,otec,noun
97,,mirar,to look,dívat se,verb
98,,mismo,same,stejný,adjective
99,,nadie,nobody,nikdo,pronoun
100,,hablar,to speak,mluvit,verb
101,,ellos,they,oni,pronoun
102,,tal,such,takový,adjective
103,,pasar,to happen,stát se,verb
104,,después,after,potom,adverb
105,,desde,from,od,preposition
106,el,dinero,money,peníze,noun
107,el,mundo,world,svět,noun
108,,claro,of course,jasně,adjective
109,el,momento,moment,chvíle,noun
110,el,estado,state,stát,noun
111,la,mañana,tomorrow,zítra,noun
112,la,madre,mother,matka,noun
113,,valer,to be worth,stát za,verb
114,el,lugar,place,místo,noun
115,,donde,where,kde,adverb
116,,seguro,sure,jistě,adjective
117,,esperar,to wait,čekat,verb
118,,nuevo,new,nový,adjective
119,el,hijo,son,syn,noun
120,,allí,there,tam,adverb
121,,menos,less,méně,adverb
122,el,tipo,type,typ,noun
123,el,amigo,friend,přítel,noun
124,,gran,great,velký,adjective
125,,nuestro,our,náš,adjective
126,la,mujer,woman,žena,noun
127,la,mamá,mom,máma,noun
128,,luego,then,pak,adverb
129,el,papá,dad,táta,noun
130,,hoy,today,dnes,adverb
131,,tres,three,tři,number
132,,necesitar,to need,potřebovat,verb
133,,oír,to hear,slyšet,verb
134,,gustar,to like,líbit se,verb
135,la,parte,part,část,noun
136,,conmigo,with me,se mnou,preposition
137,el,nombre,name,jméno,noun
138,,mal,bad,špatně,adverb
139,,deber,should,muset,verb
140,,realmente,really,opravdu,adverb
141,,aún,still,ještě,adverb
142,,mío,mine,můj,adjective
143,,cada,each,každý,adjective
144,,importar,to matter,záležet,verb
145,,contigo,with you,s tebou,preposition
146,la,razón,reason,důvod,noun
147,,alguno,some,nějaký,adjective
148,,tanto,so much,tolik,adverb
149,,serio,serious,vážný,adjective
150,,venir,to come,přijít,verb
151,la,idea,idea,nápad,noun
152,la,tarde,afternoon,odpoledne,noun
153,el,problema,problem,problém,noun
154,la,hora,hour,hodina,noun
155,,cierto,surely,jistě,adjective
156,,quien,who,kdo,pronoun
157,,demasiado,too much,příliš,adverb
158,el,amor,love,láska,noun
159,,entre,between,mezi,preposition
160,la,familia,family,rodina,noun
161,la,policía,police,policie,noun
162,la,chica,girl,dívka,noun
163,el,chico,boy,kluk,noun
164,la,cuenta,account,účet,noun
165,,todavía,still,stále,adverb
166,,salir,to go out,vyjít,verb
167,,algún,some,nějaký,adjective
168,el,hermano,brother,bratr,noun
169,,pensar,to think,myslet,verb
170,la,cabeza,head,hlava,noun
171,el,cariño,darling,miláček,noun
172,,cualquier,any,jakýkoliv,adjective
173,la,forma,form,forma,noun
174,,mientras,while,zatímco,conjunction
175,el,lado,side,strana,noun
176,el,caso,case,případ,noun
177,,primero,first,první,adjective
178,,genial,great,skvělý,adjective
179,,suponer,to suppose,předpokládat,verb
180,,pues,well,no,conjunction
181,,adiós,goodbye,sbohem,interjection
182,la,persona,person,osoba,noun
183,la,señora,mrs.,paní,noun
184,,volver,to return,vrátit se,verb
185,,contra,against,proti,preposition
186,el,camino,path,cesta,noun
187,,durante,during,během,preposition
188,la,manera,way,způsob,noun
189,,muerto,dead,mrtvý,adjective
190,,rápido,fast,rychlý,adjective
191,,cuál,which,který,pronoun
192,la,ayuda,help,pomoc,noun
193,la,historia,history,dějiny,noun
194,,entender,to understand,rozumět,verb
195,,dentro,inside,uvnitř,adverb
196,,casi,almost,téměř,adverb
197,la,puerta,door,dveře,noun
198,,significar,to mean,znamenat,verb
199,la,semana,week,týden,noun
200,,hacia,toward,směrem k,preposition
201,,quizás,maybe,možná,adverb
202,,junto,together,spolu,adjective
203,el,niño,kid,chlapec,noun
204,,pronto,soon,brzy,adverb
205,el,tío,uncle,strýc,noun
206,la,suerte,luck,štěstí,noun
207,la,ciudad,city,město,noun
208,,siquiera,not even,ani,adverb
209,,feliz,happy,šťastný,adjective
210,la,hija,daughter,dcera,noun
211,el,minuto,minute,minuta,noun
212,,cuánto,how much,kolik,pronoun
213,,os,you all,vám,pronoun
214,la,muerte,death,smrt,noun
215,,dejar,to let,nechat,verb
216,la,realidad,reality,realita,noun
217,,dar,to give,dát,verb
218,,importante,important,důležitý,adjective
219,el,corazón,heart,srdce,noun
220,el,miedo,fear,strach,noun
221,el,jefe,boss,šéf,noun
222,la,agua,water,voda,noun
223,,justo,just,spravedlivý,adjective
224,la,esposa,wife,manželka,noun
225,la,mano,hand,ruka,noun
226,el,ojo,eye,oko,noun
227,,adelante,ahead,vpřed,adverb
228,,encontrar,to find,najít,verb
229,,cinco,five,pět,number
230,,ninguno,none,žádný,adjective
231,la,cara,face,tvář,noun
232,el,cuidado,care,pozor,noun
233,,bajo,under,pod,preposition
234,,cerca,near,blízko,adverb
235,,viejo,old,starý,adjective
236,,bastante,enough,dost,adverb
237,el,fin,end,konec,noun
238,,tomar,to take,vzít,verb
239,,único,only,jediný,adjective
240,,escuchar,to listen,poslouchat,verb
241,,ningún,none,žádný,adjective
242,,suficiente,enough,dostatečný,adjective
243,el,punto,point,bod,noun
244,,cuándo,when,kdy,adverb
245,,seguir,to follow,pokračovat,verb
246,el,equipo,team,tým,noun
247,,grande,large,velký,adjective
248,,llegar,to arrive,dorazit,verb
249,,incluso,even,dokonce,adverb
250,el,doctor,doctor,doktor,noun
251,,difícil,difficult,těžký,adjective
252,,aunque,although,ačkoli,conjunction
253,el,coche,car,auto,noun
254,la,clase,class,třída,noun
255,,cuatro,four,čtyři,number
256,,pequeño,small,malý,adjective
257,,llamar,to call,zavolat,verb
258,,allá,over there,tamhle,adverb
259,,último,last,poslední,adjective
260,,arriba,up,nahoře,adverb
261,la,tierra,earth,země,noun
262,la,guerra,war,válka,noun
263,,igual,similar,stejný,adjective
264,,loco,crazy,blázen,adjective
265,la,sangre,blood,krev,noun
266,la,vuelta,return,návrat,noun
267,,trabajar,to work,pracovat,verb
268,el,juego,game,hra,noun
269,el,cuerpo,body,tělo,noun
270,,entrar,to enter,vstoupit,verb
271,la,oportunidad,opportunity,příležitost,noun
272,el,teléfono,phone,telefon,noun
273,el,final,end,konec,noun
274,,listo,ready,připravený,adjective
275,la,fiesta,party,oslava,noun
276,el,auto,car,auto,noun
277,,vivir,to live,žít,verb
278,,posible,possible,možný,adjective
279,la,hermana,sister,sestra,noun
280,el,número,number,číslo,noun
281,el,mes,month,měsíc,noun
282,,exactamente,exactly,přesně,adverb
283,la,culpa,fault,vina,noun
284,,abajo,down,dole,adverb
285,la,escuela,school,škola,noun
286,,fuerte,strong,silný,adjective
287,,ello,it,ono,pronoun
288,la,pregunta,question,otázka,noun
289,,atrás,back,vzadu,adverb
290,,malo,bad,špatný,adjective
291,el,capitán,captain,kapitán,noun
292,el,bebé,baby,miminko,noun
293,,segundo,second,druhý,adjective
294,,mayor,older,starší,adjective
295,la,comida,food,jídlo,noun
296,,morir,to die,zemřít,verb
297,,conocer,to meet,poznat,verb
298,,fácil,easy,snadný,adjective
299,,comer,to eat,jíst,verb
300,la,lista,list,seznam,noun
301,,probablemente,probably,pravděpodobně,adverb
302,la,habitación,room,pokoj,noun
303,,tratar,to try,zkusit,verb
304,,buscar,to search,hledat,verb
305,,tampoco,neither,ani,adverb
306,,amar,to love,milovat,verb
307,,joven,young,mladý,adjective
308,el,par,pair,pár,noun
309,,simplemente,simply,jednoduše,adverb
310,el,medio,middle,střed,noun
311,el,sentido,sense,smysl,noun
312,,lejos,far,daleko,adverb
313,la,arma,weapon,zbraň,noun
314,,alto,tall,vysoký,adjective
315,el,dólar,dollar,dolar,noun
316,,seis,six,šest,number
317,la,seguridad,security,bezpečnost,noun
318,,preocupar,to worry,starat se,verb
319,la,palabra,word,slovo,noun
320,,quedar,to stay,zůstat,verb
321,la,oficina,office,kancelář,noun
322,,matar,to kill,zabít,verb
323,la,cama,bed,postel,noun
324,,además,besides,navíc,adverb
325,el,recuerdo,memory,vzpomínka,noun
326,,acerca,about,ohledně,preposition
327,la,luz,light,světlo,noun
328,,correcto,right,správný,adjective
329,el,demonio,demon,démon,noun
330,,dormir,to sleep,spát,verb
331,el,sitio,place,místo,noun
332,,ayudar,to help,pomoci,verb
333,,conseguir,to get,dostat,verb
334,el,marido,husband,manžel,noun
335,la,paz,peace,mír,noun
336,la,idiota,idiot,idiot,noun
337,el,plan,plan,plán,noun
338,,cuanto,how much,kolik,pronoun
339,,peor,worse,horší,adjective
340,el,pueblo,town,vesnice,noun
341,,vivo,alive,živý,adjective
342,el,john,John,John,noun
343,,bastar,to suffice,stačit,verb
344,el,paso,step,krok,noun
345,la,música,music,hudba,noun
346,,anoche,last night,včera večer,adverb
347,el,país,country,země,noun
348,el,rey,king,král,noun
349,el,perdón,forgiveness,odpuštění,noun
350,,faltar,to lack,chybět,verb
351,el,diablo,devil,ďábel,noun
352,,perder,to lose,ztratit,verb
353,la,niña,girl,holčička,noun
354,la,señorita,miss,slečna,noun
355,,diez,ten,deset,number
356,,llevar,to carry,nést,verb
357,el,hospital,hospital,nemocnice,noun
358,,maldito,damn,prokletý,adjective
359,el,fuego,fire,oheň,noun
360,,poner,to put,položit,verb
361,la,calle,street,ulice,noun
362,,acabar,to finish,skončit,verb
363,la,prueba,test,zkouška,noun
364,,increíble,incredible,neuvěřitelný,adjective
365,,real,real,skutečný,adjective
366,el,libro,book,kniha,noun
367,el,orden,order,pořádek,noun
368,,especial,special,zvláštní,adjective
369,el,café,coffee,káva,noun
370,,duro,hard,tvrdý,adjective
371,,empezar,to start,začít,verb
372,,afuera,outside,venku,adverb
373,el,perro,dog,pes,noun
374,el,cielo,sky,nebe,noun
375,el,puesto,position,pozice,noun
376,el,viaje,trip,cesta,noun
377,,detrás,behind,vzadu,adverb
378,el,cuarto,room,pokoj,noun
379,,querido,dear,milý,adjective
380,,libre,free,volný,adjective
381,,cual,which,který,pronoun
382,,sonar,to sound,znít,verb
383,,jugar,to play,hrát,verb
384,el,cambio,change,změna,noun
385,la,película,movie,film,noun
386,el,millón,million,milión,noun
387,la,llamada,call,hovor,noun
388,el,resto,rest,zbytek,noun
389,,extraño,strange,podivný,adjective
390,el,presidente,president,prezident,noun
391,la,ropa,clothes,oblečení,noun
392,el,agente,agent,agent,noun
393,la,información,information,informace,noun
394,,raro,rare,divný,adjective
395,,general,general,obecný,adjective
396,el,trato,deal,dohoda,noun
397,,usar,to use,používat,verb
398,,perfecto,perfect,dokonalý,adjective
399,el,derecho,right,právo,noun
400,el,modo,way,způsob,noun
401,,ayer,yesterday,včera,adverb
402,,demás,others,ostatní,pronoun
403,la,noticia,news,zpráva,noun
404,el,asesino,killer,vrah,noun
405,el,control,control,kontrola,noun
406,el,odio,hate,nenávist,noun
407,el,frente,front,čelo,noun
408,,divertido,funny,zábavný,adjective
409,,recordar,to remember,pamatovat si,verb
410,la,amiga,friend,přítelkyně,noun
411,el,grupo,group,skupina,noun
412,el,asunto,matter,záležitost,noun
413,el,mensaje,message,zpráva,noun
414,,encima,above,nad,adverb
415,la,atención,attention,pozornost,noun
416,,diferente,different,různý,adjective
417,,callar,to be quiet,mlčet,verb
418,el,daño,damage,škoda,noun
419,,suceder,to happen,stát se,verb
420,,cambiar,to change,změnit,verb
421,,siguiente,next,následující,adjective
422,,sino,but,nýbrž,conjunction
423,el,médico,doctor,lékař,noun
424,la,boca,mouth,ústa,noun
425,el,error,mistake,chyba,noun
426,,jamás,never,nikdy,adverb
427,,largo,long,dlouhý,adjective
428,la,pena,sorrow,smutek,noun
429,la,voz,voice,hlas,noun
430,el,futuro,future,budoucnost,noun
431,el,secreto,secret,tajemství,noun
432,el,baño,bathroom,koupelna,noun
433,,mil,thousand,tisíc,number
434,la,novia,girlfriend,přítelkyně,noun
435,,propio,own,vlastní,adjective
436,el,sueño,dream,sen,noun
437,la,fuerza,strength,síla,noun
438,,ambos,both,oba,pronoun
439,el,dolor,pain,bolest,noun
440,,encantar,to love,milovat,verb
441,la,edad,age,věk,noun
442,el,pie,foot,chodidlo,noun
443,,negro,black,černý,adjective
444,,ganar,to win,vyhrát,verb
445,el,aire,air,vzduch,noun
446,,lamentar,to regret,litovat,verb
447,,adónde,where,kam,adverb
448,,disculpar,to forgive,omluvit,verb
449,la,cita,appointment,schůzka,noun
450,el,sistema,system,systém,noun
451,el,gusto,taste,vkus,noun
452,,pobre,poor,chudý,adjective
453,el,negocio,business,obchod,noun
454,la,mente,mind,mysl,noun
455,,tuyo,yours,tvůj,pronoun
456,el,campo,countryside,pole,noun
457,la,situación,situation,situace,noun
458,,tras,behind,za,preposition
459,el,hotel,hotel,hotel,noun
460,,vosotros,you all (informal),vy,pronoun
461,,funcionar,to function,fungovat,verb
462,la,foto,photo,fotografie,noun
463,el,abogado,lawyer,advokát,noun
464,,alrededor,around,kolem,adverb
465,,próximo,next,příští,adjective
466,,terminar,to finish,ukončit,verb
467,,pagar,to pay,platit,verb
468,,personal,personal,osobní,adjective
469,,ocurrir,to occur,nastat,verb
470,la,mitad,half,polovina,noun
471,el,pelo,hair,vlasy,noun
472,el,oficial,officer,úředník,noun
473,la,compañía,company,společnost,noun
474,la,relación,relationship,vztah,noun
475,el,montón,a lot,hromada,noun
476,la,cena,dinner,večeře,noun
477,el,través,across,přes,noun
478,el,accidente,accident,nehoda,noun
479,la,caja,box,krabice,noun
480,,tranquilo,calm,klidný,adjective
481,,bonito,pretty,pěkný,adjective
482,la,vista,view,výhled,noun
483,,estúpido,stupid,hloupý,adjective
484,la,línea,line,linie,noun
485,el,caballero,gentleman,rytíř,noun
486,la,tienda,store,obchod,noun
487,,comprar,to buy,koupit,verb
488,el,centro,center,centrum,noun
489,,salvo,except,kromě,preposition
490,el,sol,sun,slunce,noun
491,,tonto,fool,hlupák,adjective
492,la,hambre,hunger,hlad,noun
493,la,mesa,table,stůl,noun
494,la,respuesta,answer,odpověď,noun
495,,completamente,completely,úplně,adverb
496,la,carta,letter,dopis,noun
497,,totalmente,totally,zcela,adverb
498,,imposible,impossible,nemožný,adjective
499,el,novio,boyfriend,přítel,noun
500,,normal,normal,normální,adjective
501,el,traje,suit,oblek,noun
502,la,dirección,address,adresa,noun
503,,siete,seven,sedm,number
504,el,placer,pleasure,potěšení,noun
505,el,barco,ship,loď,noun
506,,blanco,white,bílý,adjective
507,el,profesor,teacher,učitel,noun
508,el,servicio,service,služba,noun
509,el,muchacho,boy,chlapec,noun
510,la,reunión,meeting,schůze,noun
511,la,ley,law,zákon,noun
512,el,programa,program,program,noun
513,la,carrera,career,kariéra,noun
514,el,cumpleaños,birthday,narozeniny,noun
515,la,canción,song,píseň,noun
516,,hermoso,beautiful,krásný,adjective
517,la,universidad,university,univerzita,noun
518,la,boda,wedding,svatba,noun
519,,cualquiera,anyone,kdokoli,pronoun
520,la,sala,room,sál,noun
521,la,decisión,decision,rozhodnutí,noun
522,el,don,gift,dar,noun
523,,necesario,necessary,nutný,adjective
524,la,prisa,hurry,spěch,noun
525,el,embargo,embargo,embargo,noun
526,,interesante,interesting,zajímavý,adjective
527,la,abuela,grandmother,babička,noun
528,el,detective,detective,detektiv,noun
529,,horrible,horrible,hrozný,adjective
530,el,suelo,ground,podlaha,noun
531,la,cárcel,jail,vězení,noun
532,,acá,here,tady,adverb
533,,sentar,to sit,sednout si,verb
534,,intentar,to try,zkusit,verb
535,la,maldición,curse,prokletí,noun
536,el,silencio,silence,ticho,noun
537,,capaz,able,schopný,adjective
538,el,club,club,klub,noun
539,,temer,to fear,bát se,verb
540,la,broma,joke,vtip,noun
541,el,gobierno,government,vláda,noun
542,,prometer,to promise,slíbit,verb
543,la,cámara,camera,kamera,noun
544,,terrible,terrible,hrozný,adjective
545,el,regalo,gift,dárek,noun
546,,amable,kind,vlídný,adjective
547,,dulce,sweet,sladký,adjective
548,el,ataque,attack,útok,noun
549,la,navidad,Christmas,Vánoce,noun
550,,ocho,eight,osm,number
551,el,avión,airplane,letadlo,noun
552,la,investigación,investigation,vyšetřování,noun
553,,jurar,to swear,přísahat,verb
554,,mantener,to maintain,udržovat,verb
555,el,ejército,army,armáda,noun
556,el,papel,paper,papír,noun
557,,gracioso,funny,vtipný,adjective
558,el,principio,beginning,začátek,noun
559,,delante,in front,vpředu,adverb
560,el,teniente,lieutenant,poručík,noun
561,el,deseo,desire,přání,noun
562,la,nave,ship,loď,noun
563,la,basura,trash,odpadky,noun
564,el,contacto,contact,kontakt,noun
565,el,esposo,husband,manžel,noun
566,el,tren,train,vlak,noun
567,,verdadero,TRUE,pravdivý,adjective
568,la,alma,soul,duše,noun
569,la,disculpa,apology,omluva,noun
570,,andar,to walk,chodit,verb
571,el,matrimonio,marriage,manželství,noun
572,la,locura,madness,šílenství,noun
573,el,oro,gold,zlato,noun
574,el,permiso,permission,povolení,noun
575,el,director,director,ředitel,noun
576,el,peligro,danger,nebezpečí,noun
577,la,libertad,freedom,svoboda,noun
578,,alegrar,to cheer,potěšit,verb
579,,bajar,to go down,sestoupit,verb
580,la,derecha,right,pravá strana,noun
581,,maravilloso,wonderful,nádherný,adjective
582,el,espacio,space,prostor,noun
583,el,rato,moment,okamžik,noun
584,el,abuelo,grandfather,dědeček,noun
585,la,salud,health,zdraví,noun
586,la,sorpresa,surprise,překvapení,noun
587,,triste,sad,smutný,adjective
588,,aun,even,dokonce,adverb
589,el,maestro,teacher,učitel,noun
590,,según,according to,podle,preposition
591,el,infierno,hell,peklo,noun
592,la,tía,aunt,teta,noun
593,el,crimen,crime,zločin,noun
594,,conocido,acquaintance,známý,adjective
595,el,consejo,advice,rada,noun
596,,ante,before,před,preposition
597,la,iglesia,church,kostel,noun
598,el,intento,attempt,pokus,noun
599,la,mayoría,majority,většina,noun
600,la,escena,scene,scéna,noun
601,el,piso,floor,byt,noun
602,la,señal,signal,signál,noun
603,el,honor,honor,čest,noun
604,,abrir,to open,otevřít,verb
605,el,cerebro,brain,mozek,noun
606,,preguntar,to ask,zeptat se,verb
607,la,cocina,kitchen,kuchyně,noun
608,el,vestido,dress,šaty,noun
609,,inteligente,smart,chytrý,adjective
610,el,caballo,horse,kůň,noun
611,el,bar,bar,bar,noun
612,el,corte,court,soud,noun
613,,adentro,inside,dovnitř,adverb
614,la,droga,drug,droga,noun
615,,enseguida,immediately,ihned,adverb
616,,agradable,pleasant,příjemný,adjective
617,la,carne,meat,maso,noun
618,el,departamento,apartment,oddělení,noun
619,,lindo,cute,roztomilý,adjective
620,el,mar,sea,moře,noun
621,la,duda,doubt,pochybnost,noun
622,el,edificio,building,budova,noun
623,el,cargo,position,funkce,noun
624,la,víctima,victim,oběť,noun
625,la,luna,moon,měsíc,noun
626,la,energía,energy,energie,noun
627,el,frío,cold,zima,noun
628,el,baile,dance,tanec,noun
629,la,misión,mission,mise,noun
630,la,izquierda,left,levá strana,noun
631,,beber,to drink,pít,verb
632,,finalmente,finally,nakonec,adverb
633,,simple,simple,jednoduchý,adjective
634,,regresar,to return,vrátit se,verb
635,,sacar,to take out,vytáhnout,verb
636,,traer,to bring,přinést,verb
637,la,opinión,opinion,názor,noun
638,,apenas,hardly,sotva,adverb
639,la,cerveza,beer,pivo,noun
640,la,reina,queen,královna,noun
641,,temprano,early,brzy,adverb
642,el,tema,topic,téma,noun
643,la,prisión,prison,vězení,noun
644,el,porqué,reason,důvod,noun
645,el,público,public,veřejnost,noun
646,,salvar,to save,zachránit,verb
647,el,partido,game,zápas,noun
648,la,causa,cause,příčina,noun
649,,caliente,hot,horký,adjective
650,el,sargento,sergeant,seržant,noun
651,,cenar,to have dinner,večeřet,verb
652,el,compañero,partner,kolega,noun
653,el,banco,bank,banka,noun
654,,existir,to exist,existovat,verb
655,el,ben,Ben,Ben,noun
656,la,zona,zone,zóna,noun
657,el,destino,destiny,osud,noun
658,la,base,base,základna,noun
659,,soler,to tend to,mívat ve zvyku,verb
660,el,cliente,client,zákazník,noun
661,el,encuentro,meeting,setkání,noun
662,la,pelea,fight,rvačka,noun
663,,san,Saint,svatý,adjective
664,el,norte,north,sever,noun
665,el,coronel,colonel,plukovník,noun
666,,apuesto,handsome,pohledný,adjective
667,,peligroso,dangerous,nebezpečný,adjective
668,el,té,tea,čaj,noun
669,,excepto,except,kromě,preposition
670,el,juicio,trial,soud,noun
671,la,llave,key,klíč,noun
672,,equivocado,wrong,v omylu,adjective
673,la,posición,position,pozice,noun
674,el,trasero,butt,zadek,noun
675,la,espalda,back,záda,noun
676,,excelente,excellent,výborný,adjective
677,el,éxito,success,úspěch,noun
678,la,ventana,window,okno,noun
679,la,especie,species,druh,noun
680,la,diferencia,difference,rozdíl,noun
681,,pedir,to ask,požádat,verb
682,el,ejemplo,example,příklad,noun
683,la,radio,radio,rádio,noun
684,,leer,to read,číst,verb
685,la,calma,calm,klid,noun
686,el,hogar,home,domov,noun
687,el,fondo,bottom,dno,noun
688,,humano,human,lidský,adjective
689,,tí,you,tebe,pronoun
690,,unido,united,sjednocený,adjective
691,el,planeta,planet,planeta,noun
692,el,respecto,respect,ohled,noun
693,el,regreso,return,návrat,noun
694,,debido,due,kvůli,adjective
695,,parar,to stop,zastavit,verb
696,,lleno,full,plný,adjective
697,el,respeto,respect,respekt,noun
698,,debajo,under,pod,adverb
699,,escribir,to write,psát,verb
700,la,estación,station,stanice,noun
701,la,pista,track,stopa,noun
702,la,estrella,star,hvězda,noun
703,,enfermo,sick,nemocný,adjective
704,,doler,to hurt,bolet,verb
705,,ocupado,busy,zaneprázdněný,adjective
706,,correr,to run,běžet,verb
707,el,nivel,level,úroveň,noun
708,la,experiencia,experience,zkušenost,noun
709,la,salida,exit,východ,noun
710,,confiar,to trust,důvěřovat,verb
711,el,zapato,shoe,bota,noun
712,el,color,color,barva,noun
713,el,vistazo,glance,pohled,noun
714,la,nena,girl,holčička,noun
715,el,juez,judge,soudce,noun
716,el,paciente,patient,pacient,noun
717,la,bolsa,bag,taška,noun
718,el,arte,art,umění,noun
719,,bailar,to dance,tančit,verb
720,el,sur,south,jih,noun
721,la,banda,band,skupina,noun
722,,aprender,to learn,učit se,verb
723,el,precio,price,cena,noun
724,,completo,complete,úplný,adjective
725,,santo,saint,světec,adjective
726,,culpable,guilty,vinný,adjective
727,la,gana,desire,chuť,noun
728,,azul,blue,modrý,adjective
729,el,comandante,commander,velitel,noun
730,la,acción,action,akce,noun
731,la,regla,rule,pravidlo,noun
732,la,obra,work,dílo,noun
733,la,esperanza,hope,naděje,noun
734,la,cuestión,question,otázka,noun
735,,molestar,to annoy,obtěžovat,verb
736,el,bill,bill,účet,noun
737,el,informe,report,zpráva,noun
738,el,río,river,řeka,noun
739,,bienvenido,welcome,vítaný,adjective
740,,tocar,to touch,dotknout se,verb
741,,contar,to count,počítat,verb
742,el,interior,interior,vnitřek,noun
743,el,apartamento,apartment,apartmán,noun
744,,principal,main,hlavní,adjective
745,,perdonar,to forgive,odpustit,verb
746,el,golpe,blow,úder,noun
747,el,estilo,style,styl,noun
748,,nueve,nine,devět,number
749,,definitivamente,definitely,rozhodně,adverb
750,la,bomba,bomb,bomba,noun
751,el,guardia,guard,stráž,noun
752,la,pistola,gun,pistole,noun
753,,probar,to try,vyzkoušet,verb
754,la,majestad,majesty,Veličenstvo,noun
755,la,marcha,parade,pochod,noun
756,,común,common,společný,adjective
757,,aquel,that,tamten,pronoun
758,el,vuelo,flight,let,noun
759,la,nota,note,poznámka,noun
760,el,valor,value,hodnota,noun
761,,suyo,theirs,jeho,pronoun
762,el,objetivo,objective,cíl,noun
763,el,repente,sudden,náhlost,noun
764,,rojo,red,červený,adjective
765,,bromear,to joke,žertovat,verb
766,la,entrada,entry,vchod,noun
767,,doble,double,dvojitý,adjective
768,,evitar,to avoid,vyhnout se,verb
769,la,máquina,machine,stroj,noun
770,el,cuello,neck,krk,noun
771,el,animal,animal,zvíře,noun
772,,acaso,perhaps,snad,adverb
773,la,pareja,couple,pár,noun
774,el,verano,summer,léto,noun
775,la,mentira,lie,lež,noun
776,la,tarjeta,card,karta,noun
777,,preparado,prepared,připravený,adjective
778,la,flor,flower,květina,noun
779,,vos,you (informal),ty,pronoun
780,la,opción,option,možnost,noun
781,la,isla,island,ostrov,noun
782,,cerrar,to close,zavřít,verb
783,la,piel,skin,kůže,noun
784,el,enemigo,enemy,nepřítel,noun
785,,exacto,exact,přesný,adjective
786,la,justicia,justice,spravedlnost,noun
787,,obviamente,obviously,zjevně,adverb
788,,despertar,to wake up,vzbudit,verb
789,el,calor,heat,teplo,noun
790,,referir,to refer,odkazovat,verb
791,la,batalla,battle,bitva,noun
792,,fantástico,fantastic,fantastický,adjective
793,el,brazo,arm,paže,noun
794,,absolutamente,absolutely,absolutně,adverb
795,,escapar,to escape,uniknout,verb
796,el,bosque,forest,les,noun
797,,gay,gay,gay,adjective
798,la,pierna,leg,noha,noun
799,la,visita,visit,návštěva,noun
800,el,movimiento,movement,pohyb,noun
801,,rico,rich,bohatý,adjective
802,,inocente,innocent,nevinný,adjective
803,el,pesar,sorrow,smutek,noun
804,,absoluto,absolute,absolutní,adjective
805,la,vacaciones,vacation,dovolená,noun
806,el,cine,cinema,kino,noun
807,,brillante,brilliant,skvělý,adjective
808,la,confianza,confidence,důvěra,noun
809,,vuestro,yours (informal plural),váš,pronoun
810,,especialmente,especially,zvláště,adverb
811,,embarazada,pregnant,těhotná,adjective
812,el,pantalón,pants,kalhoty,noun
813,la,defensa,defense,obrana,noun
814,,estupendo,great,skvělý,adjective
815,la,presión,pressure,tlak,noun
816,,inmediatamente,immediately,okamžitě,adverb
817,el,testigo,witness,svědek,noun
818,,olvidar,to forget,zapomenout,verb
819,el,soldado,soldier,voják,noun
820,,resultar,to result,ukázat se,verb
821,,depender,to depend,záviset,verb
822,el,motivo,motive,motiv,noun
823,el,inglés,English,angličtina,noun
824,el,estudio,study,studie,noun
825,el,sentimiento,feeling,pocit,noun
826,el,propósito,purpose,záměr,noun
827,,partir,to depart,odjet,verb
828,el,metro,subway,metro,noun
829,,ridículo,ridiculous,směšný,adjective
830,la,dama,lady,dáma,noun
831,la,operación,operation,operace,noun
832,la,empresa,company,firma,noun
833,el,laboratorio,laboratory,laboratoř,noun
834,la,elección,choice,volba,noun
835,el,menudo,often,často,noun
836,el,beso,kiss,polibek,noun
837,la,copa,glass,pohár,noun
838,la,conversación,conversation,rozhovor,noun
839,el,espíritu,spirit,duch,noun
840,,cansado,tired,unavený,adjective
841,,interesar,to interest,zajímat,verb
842,,casado,married,ženatý,adjective
843,,enorme,huge,obrovský,adjective
844,la,fe,faith,víra,noun
845,,mostrar,to show,ukázat,verb
846,la,trampa,trap,past,noun
847,la,memoria,memory,paměť,noun
848,el,contrario,opposite,opak,noun
849,,subir,to go up,jít nahoru,verb
850,el,turno,turn,směna,noun
851,,preocupado,worried,znepokojený,adjective
852,el,restaurante,restaurant,restaurace,noun
853,,calmar,to calm,uklidnit,verb
854,,caer,to fall,spadnout,verb
855,la,leche,milk,mléko,noun
856,,preferir,to prefer,preferovat,verb
857,la,red,net,síť,noun
858,,solamente,only,pouze,adverb
859,el,taxi,taxi,taxi,noun
860,el,anillo,ring,prsten,noun
861,el,héroe,hero,hrdina,noun
862,,decidir,to decide,rozhodnout,verb
863,,responsable,responsible,zodpovědný,adjective
864,el,trago,drink,doušek,noun
865,el,árbol,tree,strom,noun
866,el,diente,tooth,zub,noun
867,,encantado,delighted,rád,adjective
868,el,camión,truck,náklaďák,noun
869,,vender,to sell,prodat,verb
870,,detener,to stop,zastavit,verb
871,,luchar,to fight,bojovat,verb
872,el,cabo,end,konec,noun
873,el,ruido,noise,hluk,noun
874,la,lucha,struggle,boj,noun
875,el,reloj,watch,hodiny,noun
876,el,gato,cat,kočka,noun
877,,averiguar,to find out,zjistit,verb
878,,volar,to fly,letět,verb
879,el,colegio,school,škola,noun
880,el,sonido,sound,zvuk,noun
881,,pasado,past,minulost,adjective
882,el,código,code,kód,noun
883,la,imagen,image,obraz,noun
884,el,riesgo,risk,riziko,noun
885,el,pan,bread,chléb,noun
886,el,hielo,ice,led,noun
887,la,prensa,press,tisk,noun
888,,caminar,to walk,kráčet,verb
889,la,televisión,television,televize,noun
890,,coger,to grab,uchopit,verb
891,la,posibilidad,possibility,možnost,noun
892,el,asiento,seat,sedadlo,noun
893,,herir,to hurt,zranit,verb
894,,seguramente,surely,jistě,adverb
895,el,proyecto,project,projekt,noun
896,la,pared,wall,zeď,noun
897,el,sospechoso,suspect,podezřelý,noun
898,la,naturaleza,nature,příroda,noun
899,la,silla,chair,židle,noun
900,,arreglar,to fix,opravit,verb
901,,obtener,to obtain,získat,verb
902,la,señoría,Your Honor,Vaše ctihodnosti,noun
903,la,cantidad,quantity,množství,noun
904,el,papa,Pope,papež,noun
905,,llorar,to cry,plakat,verb
906,,familiar,family,rodinný,adjective
907,el,desastre,disaster,pohroma,noun
908,la,política,politics,politika,noun
909,,nosotras,we (feminine),my,pronoun
910,la,enfermedad,illness,nemoc,noun
911,el,colega,colleague,kolega,noun
912,el,príncipe,prince,princ,noun
913,,verde,green,zelený,adjective
914,,nervioso,nervous,nervózní,adjective
915,el,inspector,inspector,inspektor,noun
916,,servir,to serve,sloužit,verb
917,la,playa,beach,pláž,noun
918,,cantar,to sing,zpívat,verb
919,la,velocidad,speed,rychlost,noun
920,,total,total,celkový,adjective
921,el,cabello,hair,vlasy,noun
922,,suficientemente,sufficiently,dostatečně,adverb
923,la,huella,trace,stopa,noun
924,la,unidad,unit,jednotka,noun
925,el,cuchillo,knife,nůž,noun
926,la,tontería,nonsense,nesmysl,noun
927,la,emergencia,emergency,nouzový stav,noun
928,el,robo,robbery,krádež,noun
929,,permitir,to permit,dovolit,verb
930,el,parque,park,park,noun
931,,roto,broken,rozbitý,adjective
932,la,serie,series,série,noun
933,la,evidencia,evidence,důkaz,noun
934,la,botella,bottle,lahev,noun
935,el,viento,wind,vítr,noun
936,el,mando,command,velení,noun
937,el,apoyo,support,podpora,noun
938,la,bala,bullet,kulka,noun
939,el,tiro,shot,výstřel,noun
940,la,época,era,doba,noun
941,el,puente,bridge,most,noun
942,la,distancia,distance,vzdálenost,noun
943,,desear,to wish,přát si,verb
944,,pelear,to fight,rvát se,verb
945,,echar,to throw,hodit,verb
946,el,descanso,break,odpočinek,noun
947,la,área,area,oblast,noun
948,,orgulloso,proud,hrdý,adjective
949,el,dato,data,údaj,noun
950,el,espectáculo,show,podívaná,noun
951,la,magia,magic,magie,noun
952,,nacional,national,národní,adjective
953,el,universo,universe,vesmír,noun
954,la,nariz,nose,nos,noun
955,la,vergüenza,shame,stud,noun
956,el,monstruo,monster,příšera,noun
957,la,princesa,princess,princezna,noun
958,el,autobús,bus,autobus,noun
959,,cuidar,to take care of,starat se o,verb
960,el,huevo,egg,vejce,noun
961,el,paseo,walk,procházka,noun
962,el,detalle,detail,detail,noun
963,la,belleza,beauty,krása,noun
964,,abierto,open,otevřený,adjective
965,,enviar,to send,poslat,verb
966,el,ministro,minister,ministr,noun
967,,conducir,to drive,řídit,verb
968,,aceptar,to accept,přijmout,verb
969,el,contrato,contract,smlouva,noun
970,el,viernes,Friday,pátek,noun
971,el,hecho,fact,fakt,noun
972,la,sociedad,society,společnost,noun
973,la,carga,load,náklad,noun
974,,presente,present,přítomný,adjective
975,el,uso,use,použití,noun
976,el,dedo,finger,prst,noun
977,la,oferta,offer,nabídka,noun
978,,proteger,to protect,chránit,verb
979,,recibir,to receive,obdržet,verb
980,,agradecer,to thank,poděkovat,verb
981,,robar,to steal,ukrást,verb
982,,enamorado,in love,zamilovaný,adjective
983,el,oeste,west,západ,noun
984,la,herida,wound,zranění,noun
985,,despacio,slowly,pomalu,adverb
986,,directamente,directly,přímo,adverb
987,,inmediato,immediate,okamžitý,adjective
988,el,profesional,professional,profesionál,noun
989,,oscuro,dark,temný,adjective
990,el,mercado,market,trh,noun
991,el,cerdo,pig,prase,noun
992,el,líder,leader,vůdce,noun
993,el,jurado,jury,porota,noun
994,,acordar,to agree,domluvit se,verb
995,,desaparecido,missing,pohřešovaný,adjective
996,,últimamente,lately,poslední dobou,adverb
997,la,piedra,stone,kámen,noun
998,la,intención,intention,záměr,noun
999,el,humor,humor,humor,noun
1000,el,ángel,angel,anděl,noun
1001,el,peso,weight,hmotnost,noun
1002,,asesinar,to assassinate,zavraždit,verb
1003,,directo,direct,přímý,adjective
1004,,central,central,centrální,adjective
1005,,contento,happy,spokojený,adjective
1006,la,oscuridad,darkness,tma,noun
1007,,actuar,to act,jednat,verb
1008,,comenzar,to begin,začít,verb
1009,,privado,private,soukromý,adjective
1010,la,mirada,look,pohled,noun
1011,,romper,to break,rozbít,verb
1012,el,fiscal,prosecutor,státní zástupce,noun
1013,el,jardín,garden,zahrada,noun
1014,,natural,natural,přírodní,adjective
1015,,gratis,free,zdarma,adjective
1016,,costar,to cost,stát,verb
1017,la,amenaza,threat,hrozba,noun
